Assignee,Name,Role
cy354,Kayla Yang,undergraduate
Olivia liu,Olivia Liu,undergraduate
ncichosk,Nick Cichoski,undergraduate
Emily,Emily Brydges,undergraduate
dx33,Dora Xu,undergraduate
js2664,Jiayin Song,undergraduate
lz324,Linda Zhang,undergraduate
yl2636,Sharon Lin,undergraduate
zz264,Zhaojiahong Zhu,undergraduate
Lars Vilhuber,Lars Vilhuber,staff
LV (Data Editor),LV (Data Editor),other
User ,User ,other
Michael Darisse,Michael Darisse,pre-doc
Sofia Encarnacion,Sofia Encarnacion,pre-doc
Linda Wang,Linda Wang,graduate
Leonel Borja Plaza,Leonel Borja Plaza,graduate
Takshil Sachdev,Takshil Sachdev,graduate
Jenna Kutz Farabaugh,Jenna Kutz Farabaugh,staff
Ilanith Nizard,Ilanith Nizard,pre-doc
Julia Hewitt,Julia Hewitt,graduate
Sylverie Herbert,Sylverie Herbert,graduate
Meredith Welch,Meredith Welch,graduate
David Wasser,David Wasser,graduate
Federico Raimondi Slepoi,Federico Raimondi Slepoi,graduate
Hyuk Son,Hyuk Son,graduate
dfenner,David Fenner,undergraduate
ggb46,Gabriel Butler,graduate